{
  "id": "cb5beed4-1d20-472a-b778-ce2a257be5ea",
  "name": "category",
  "isOverridable": true,
  "entries": [
    {
      "value": "blogs",
      "synonyms": [
        "articles",
        "posts"
      ]
    },
    {
      "value": "jobs",
      "synonyms": [
        "jobs",
        "careers"
      ]
    },
    {
      "value": "events",
      "synonyms": [
        "events",
        "meetups"
      ]
    },
    {
      "value": "blogs",
      "synonyms": [
        "blogs"
      ]
    },
    {
      "value": "projects",
      "synonyms": [
        "projects"
      ]
    },
    {
      "value": "modules",
      "synonyms": [
        "modules"
      ]
    }
  ],
  "isEnum": false,
  "automatedExpansion": false
}