{
  "id": "3c2e92b2-b6b1-4ae2-863c-25d83b21ce70",
  "name": "technology",
  "isOverridable": true,
  "entries": [
    {
      "value": "java",
      "synonyms": [
        "java"
      ]
    },
    {
      "value": "python",
      "synonyms": [
        "python",
        "py"
      ]
    },
    {
      "value": "javascript",
      "synonyms": [
        "javascript",
        "js"
      ]
    },
    {
      "value": "csharp",
      "synonyms": [
        "csharp",
        "C#"
      ]
    },
    {
      "value": "c++",
      "synonyms": [
        "c++",
        "cpp",
        "c"
      ]
    },
    {
      "value": "nodejs",
      "synonyms": [
        "nodejs"
      ]
    }
  ],
  "isEnum": false,
  "automatedExpansion": false
}